year,region,tas_anomaly,scenario
1980,arctic,0.0,historical
1981,arctic,0.062959194,historical
1982,arctic,0.029646873,historical
1983,arctic,-0.015366077,historical
1984,arctic,0.0064965487,historical
1985,arctic,-0.0076453686,historical
1986,arctic,0.06696665,historical
1987,arctic,0.009242058,historical
1988,arctic,-0.017902374,historical
1989,arctic,0.020665407,historical
1990,arctic,0.008737326,historical
1991,arctic,0.015711546,historical
1992,arctic,0.0008980036,historical
1993,arctic,0.005220413,historical
1994,arctic,0.028435469,historical
1995,arctic,0.058975935,historical
1996,arctic,0.08523142,historical
1997,arctic,0.093487024,historical
1998,arctic,0.02521491,historical
1999,arctic,0.02681899,historical
2000,arctic,0.10942423,historical
2001,arctic,0.07454538,historical
2002,arctic,0.054085374,historical
2003,arctic,0.038823605,historical
2004,arctic,0.069772005,historical
2005,arctic,0.073432565,historical
2006,arctic,0.02602148,historical
2007,arctic,0.031140327,historical
2008,arctic,0.09474206,historical
2009,arctic,0.07571435,historical
2010,arctic,0.04020405,historical
2011,arctic,0.08921862,historical
2012,arctic,0.1266048,historical
2013,arctic,0.10663295,historical
2014,arctic,0.09578824,historical
2015,arctic,0.11841941,ssp585
2016,arctic,0.09304297,ssp585
2017,arctic,0.08865571,ssp585
2018,arctic,0.25466013,ssp585
2019,arctic,0.16450405,ssp585
2020,arctic,0.1785202,ssp585
2021,arctic,0.21489191,ssp585
2022,arctic,0.23169518,ssp585
2023,arctic,0.21736932,ssp585
2024,arctic,0.2709911,ssp585
2025,arctic,0.28104544,ssp585
2026,arctic,0.2601912,ssp585
2027,arctic,0.3288257,ssp585
2028,arctic,0.31102133,ssp585
2029,arctic,0.37290442,ssp585
2030,arctic,0.26639533,ssp585
2031,arctic,0.26998234,ssp585
2032,arctic,0.2672422,ssp585
2033,arctic,0.23361039,ssp585
2034,arctic,0.38250732,ssp585
2035,arctic,0.4818468,ssp585
2036,arctic,0.39224637,ssp585
2037,arctic,0.55884504,ssp585
2038,arctic,0.45092392,ssp585
2039,arctic,0.38980758,ssp585
2040,arctic,0.40641975,ssp585
2041,arctic,0.5071715,ssp585
2042,arctic,0.62040734,ssp585
2043,arctic,0.5416088,ssp585
2044,arctic,0.56705236,ssp585
2045,arctic,0.7339124,ssp585
2046,arctic,0.45598662,ssp585
2047,arctic,0.541013,ssp585
2048,arctic,0.6268008,ssp585
2049,arctic,0.5439017,ssp585
2050,arctic,1.0058446,ssp585
2051,arctic,0.7830679,ssp585
2052,arctic,0.79035205,ssp585
2053,arctic,0.6395259,ssp585
2054,arctic,0.85876554,ssp585
2055,arctic,0.9521755,ssp585
2056,arctic,1.209348,ssp585
2057,arctic,1.1180661,ssp585
2058,arctic,1.24745,ssp585
2059,arctic,1.2023956,ssp585
2060,arctic,0.959686,ssp585
2061,arctic,1.046999,ssp585
2062,arctic,1.0850196,ssp585
2063,arctic,1.2149992,ssp585
2064,arctic,1.1238135,ssp585
2065,arctic,0.7904909,ssp585
2066,arctic,1.1128368,ssp585
2067,arctic,1.1323599,ssp585
2068,arctic,1.1683035,ssp585
2069,arctic,1.1756436,ssp585
2070,arctic,1.2327311,ssp585
2071,arctic,1.6435,ssp585
2072,arctic,1.872666,ssp585
2073,arctic,1.4455599,ssp585
2074,arctic,1.353393,ssp585
2075,arctic,1.5724721,ssp585
2076,arctic,1.9017303,ssp585
2077,arctic,1.296411,ssp585
2078,arctic,1.6572804,ssp585
2079,arctic,1.6241639,ssp585
2080,arctic,1.5790365,ssp585
2081,arctic,1.7941761,ssp585
2082,arctic,1.6585889,ssp585
2083,arctic,1.4173502,ssp585
2084,arctic,1.8158337,ssp585
2085,arctic,2.045545,ssp585
2086,arctic,2.1702373,ssp585
2087,arctic,2.3671236,ssp585
2088,arctic,2.249671,ssp585
2089,arctic,2.5253904,ssp585
2090,arctic,2.5431178,ssp585
2091,arctic,2.6521926,ssp585
2092,arctic,2.6828523,ssp585
2093,arctic,2.5372527,ssp585
2094,arctic,2.694438,ssp585
2095,arctic,3.0823874,ssp585
2096,arctic,2.780367,ssp585
2097,arctic,2.8383324,ssp585
2098,arctic,3.651532,ssp585
2099,arctic,3.411077,ssp585
2100,arctic,3.9620137,ssp585
1980,atlantic_north,0.0,historical
1981,atlantic_north,-0.45996094,historical
1982,atlantic_north,-0.41220665,historical
1983,atlantic_north,-0.5933304,historical
1984,atlantic_north,-0.27897453,historical
1985,atlantic_north,-0.44667244,historical
1986,atlantic_north,0.27320862,historical
1987,atlantic_north,-0.3462963,historical
1988,atlantic_north,-0.41940498,historical
1989,atlantic_north,-0.5433941,historical
1990,atlantic_north,-0.086372375,historical
1991,atlantic_north,-0.3626461,historical
1992,atlantic_north,-0.88640785,historical
1993,atlantic_north,-0.42842674,historical
1994,atlantic_north,-0.2342987,historical
1995,atlantic_north,-0.3548565,historical
1996,atlantic_north,-0.20714569,historical
1997,atlantic_north,-0.5694561,historical
1998,atlantic_north,0.007255554,historical
1999,atlantic_north,0.12265968,historical
2000,atlantic_north,0.31241608,historical
2001,atlantic_north,0.15173149,historical
2002,atlantic_north,-0.22868347,historical
2003,atlantic_north,-0.0004787445,historical
2004,atlantic_north,0.14939308,historical
2005,atlantic_north,0.17291832,historical
2006,atlantic_north,0.02409172,historical
2007,atlantic_north,-0.27377892,historical
2008,atlantic_north,-0.18915558,historical
2009,atlantic_north,-0.1512928,historical
2010,atlantic_north,0.14681435,historical
2011,atlantic_north,0.018346786,historical
2012,atlantic_north,0.4173603,historical
2013,atlantic_north,-0.1879673,historical
2014,atlantic_north,-0.10384178,historical
2015,atlantic_north,0.54540443,ssp585
2016,atlantic_north,0.6854229,ssp585
2017,atlantic_north,0.25732613,ssp585
2018,atlantic_north,0.2839508,ssp585
2019,atlantic_north,1.0708103,ssp585
2020,atlantic_north,1.0564041,ssp585
2021,atlantic_north,1.0692348,ssp585
2022,atlantic_north,0.59589386,ssp585
2023,atlantic_north,1.2160282,ssp585
2024,atlantic_north,0.5537338,ssp585
2025,atlantic_north,0.29446602,ssp585
2026,atlantic_north,0.3894863,ssp585
2027,atlantic_north,0.9736099,ssp585
2028,atlantic_north,1.1469116,ssp585
2029,atlantic_north,0.7554302,ssp585
2030,atlantic_north,0.72760963,ssp585
2031,atlantic_north,0.942461,ssp585
2032,atlantic_north,0.65870476,ssp585
2033,atlantic_north,0.7203598,ssp585
2034,atlantic_north,0.93154716,ssp585
2035,atlantic_north,0.66195107,ssp585
2036,atlantic_north,0.5530529,ssp585
2037,atlantic_north,1.2685032,ssp585
2038,atlantic_north,1.030365,ssp585
2039,atlantic_north,1.013237,ssp585
2040,atlantic_north,1.1915894,ssp585
2041,atlantic_north,1.2819729,ssp585
2042,atlantic_north,0.9384136,ssp585
2043,atlantic_north,1.1204052,ssp585
2044,atlantic_north,1.4397888,ssp585
2045,atlantic_north,1.0943756,ssp585
2046,atlantic_north,1.2505188,ssp585
2047,atlantic_north,1.2559261,ssp585
2048,atlantic_north,1.5440998,ssp585
2049,atlantic_north,1.2392426,ssp585
2050,atlantic_north,1.3417759,ssp585
2051,atlantic_north,1.1847095,ssp585
2052,atlantic_north,1.3162289,ssp585
2053,atlantic_north,1.8890305,ssp585
2054,atlantic_north,1.848402,ssp585
2055,atlantic_north,1.4185162,ssp585
2056,atlantic_north,1.5714035,ssp585
2057,atlantic_north,1.5922928,ssp585
2058,atlantic_north,1.7631092,ssp585
2059,atlantic_north,1.8436279,ssp585
2060,atlantic_north,2.240366,ssp585
2061,atlantic_north,1.9770107,ssp585
2062,atlantic_north,1.967392,ssp585
2063,atlantic_north,2.1386166,ssp585
2064,atlantic_north,2.6881428,ssp585
2065,atlantic_north,1.911066,ssp585
2066,atlantic_north,2.2167664,ssp585
2067,atlantic_north,2.6451187,ssp585
2068,atlantic_north,2.0327168,ssp585
2069,atlantic_north,2.4789124,ssp585
2070,atlantic_north,2.599516,ssp585
2071,atlantic_north,2.765253,ssp585
2072,atlantic_north,2.649744,ssp585
2073,atlantic_north,2.4467106,ssp585
2074,atlantic_north,2.6672134,ssp585
2075,atlantic_north,2.8117352,ssp585
2076,atlantic_north,2.6520596,ssp585
2077,atlantic_north,2.6887074,ssp585
2078,atlantic_north,3.0705166,ssp585
2079,atlantic_north,2.7587376,ssp585
2080,atlantic_north,3.0290527,ssp585
2081,atlantic_north,2.7267303,ssp585
2082,atlantic_north,3.1250095,ssp585
2083,atlantic_north,2.7439404,ssp585
2084,atlantic_north,3.0660648,ssp585
2085,atlantic_north,3.084406,ssp585
2086,atlantic_north,3.2403126,ssp585
2087,atlantic_north,3.4710712,ssp585
2088,atlantic_north,3.1946049,ssp585
2089,atlantic_north,3.0196438,ssp585
2090,atlantic_north,3.2815857,ssp585
2091,atlantic_north,3.2599926,ssp585
2092,atlantic_north,3.352419,ssp585
2093,atlantic_north,3.3554363,ssp585
2094,atlantic_north,3.7643757,ssp585
2095,atlantic_north,3.5561886,ssp585
2096,atlantic_north,3.9602108,ssp585
2097,atlantic_north,3.8858967,ssp585
2098,atlantic_north,4.389078,ssp585
2099,atlantic_north,4.2890015,ssp585
2100,atlantic_north,4.059248,ssp585
1980,atlantic_south,0.0,historical
1981,atlantic_south,0.13601875,historical
1982,atlantic_south,0.06092453,historical
1983,atlantic_south,0.12615585,historical
1984,atlantic_south,0.01613617,historical
1985,atlantic_south,0.10281944,historical
1986,atlantic_south,0.08673096,historical
1987,atlantic_south,0.119436264,historical
1988,atlantic_south,0.17184067,historical
1989,atlantic_south,0.14118767,historical
1990,atlantic_south,0.24550629,historical
1991,atlantic_south,0.38313675,historical
1992,atlantic_south,-0.057998657,historical
1993,atlantic_south,0.045482635,historical
1994,atlantic_south,0.29631424,historical
1995,atlantic_south,0.43704033,historical
1996,atlantic_south,0.5309067,historical
1997,atlantic_south,0.024921417,historical
1998,atlantic_south,0.08492088,historical
1999,atlantic_south,0.29795456,historical
2000,atlantic_south,0.44499016,historical
2001,atlantic_south,0.50118256,historical
2002,atlantic_south,0.37032318,historical
2003,atlantic_south,0.39387894,historical
2004,atlantic_south,0.14920807,historical
2005,atlantic_south,0.21173668,historical
2006,atlantic_south,0.32399368,historical
2007,atlantic_south,0.38591766,historical
2008,atlantic_south,0.15205002,historical
2009,atlantic_south,0.3051796,historical
2010,atlantic_south,0.374691,historical
2011,atlantic_south,0.39367485,historical
2012,atlantic_south,0.598999,historical
2013,atlantic_south,0.52939606,historical
2014,atlantic_south,0.6263199,historical
2015,atlantic_south,0.6541672,ssp585
2016,atlantic_south,0.46127892,ssp585
2017,atlantic_south,0.7475357,ssp585
2018,atlantic_south,0.6598816,ssp585
2019,atlantic_south,0.5878544,ssp585
2020,atlantic_south,0.6900749,ssp585
2021,atlantic_south,1.0737782,ssp585
2022,atlantic_south,0.94789124,ssp585
2023,atlantic_south,0.89598846,ssp585
2024,atlantic_south,0.7402687,ssp585
2025,atlantic_south,0.8708992,ssp585
2026,atlantic_south,0.7609253,ssp585
2027,atlantic_south,1.1033592,ssp585
2028,atlantic_south,1.042963,ssp585
2029,atlantic_south,0.9032631,ssp585
2030,atlantic_south,0.6697731,ssp585
2031,atlantic_south,0.95295906,ssp585
2032,atlantic_south,1.1662598,ssp585
2033,atlantic_south,1.066616,ssp585
2034,atlantic_south,0.8686123,ssp585
2035,atlantic_south,1.07654,ssp585
2036,atlantic_south,1.1857777,ssp585
2037,atlantic_south,1.4724712,ssp585
2038,atlantic_south,1.2298298,ssp585
2039,atlantic_south,1.165493,ssp585
2040,atlantic_south,1.2988548,ssp585
2041,atlantic_south,1.3860893,ssp585
2042,atlantic_south,1.1549892,ssp585
2043,atlantic_south,1.1284447,ssp585
2044,atlantic_south,1.1981316,ssp585
2045,atlantic_south,1.5389214,ssp585
2046,atlantic_south,1.4989643,ssp585
2047,atlantic_south,1.6176739,ssp585
2048,atlantic_south,1.4993706,ssp585
2049,atlantic_south,1.6369476,ssp585
2050,atlantic_south,1.7142849,ssp585
2051,atlantic_south,1.4532547,ssp585
2052,atlantic_south,1.7877331,ssp585
2053,atlantic_south,2.1679192,ssp585
2054,atlantic_south,1.8426323,ssp585
2055,atlantic_south,1.803463,ssp585
2056,atlantic_south,2.015257,ssp585
2057,atlantic_south,1.9997978,ssp585
2058,atlantic_south,2.339056,ssp585
2059,atlantic_south,2.2581081,ssp585
2060,atlantic_south,2.033226,ssp585
2061,atlantic_south,2.0868187,ssp585
2062,atlantic_south,2.117817,ssp585
2063,atlantic_south,2.1948967,ssp585
2064,atlantic_south,2.2783947,ssp585
2065,atlantic_south,2.24024,ssp585
2066,atlantic_south,2.3351936,ssp585
2067,atlantic_south,2.519455,ssp585
2068,atlantic_south,2.4564495,ssp585
2069,atlantic_south,2.8228226,ssp585
2070,atlantic_south,2.745016,ssp585
2071,atlantic_south,2.9129467,ssp585
2072,atlantic_south,2.7934723,ssp585
2073,atlantic_south,2.7664318,ssp585
2074,atlantic_south,2.7418804,ssp585
2075,atlantic_south,2.6366024,ssp585
2076,atlantic_south,2.911522,ssp585
2077,atlantic_south,2.9270325,ssp585
2078,atlantic_south,2.9314556,ssp585
2079,atlantic_south,3.2409935,ssp585
2080,atlantic_south,3.3054867,ssp585
2081,atlantic_south,3.214325,ssp585
2082,atlantic_south,3.4111404,ssp585
2083,atlantic_south,3.5857773,ssp585
2084,atlantic_south,3.4638329,ssp585
2085,atlantic_south,3.608139,ssp585
2086,atlantic_south,3.5056686,ssp585
2087,atlantic_south,3.4767647,ssp585
2088,atlantic_south,3.5280762,ssp585
2089,atlantic_south,3.4912834,ssp585
2090,atlantic_south,3.5670738,ssp585
2091,atlantic_south,3.7031784,ssp585
2092,atlantic_south,3.9479713,ssp585
2093,atlantic_south,3.8507385,ssp585
2094,atlantic_south,4.1015244,ssp585
2095,atlantic_south,4.1382904,ssp585
2096,atlantic_south,4.187439,ssp585
2097,atlantic_south,3.9555569,ssp585
2098,atlantic_south,4.342575,ssp585
2099,atlantic_south,4.18779,ssp585
2100,atlantic_south,4.275669,ssp585
1980,indian,0.0,historical
1981,indian,0.14354897,historical
1982,indian,-0.01067543,historical
1983,indian,-0.009901047,historical
1984,indian,0.09967232,historical
1985,indian,0.120780945,historical
1986,indian,0.38192558,historical
1987,indian,-0.007001877,historical
1988,indian,0.0505085,historical
1989,indian,0.21898079,historical
1990,indian,0.23121834,historical
1991,indian,0.18308258,historical
1992,indian,-0.013288498,historical
1993,indian,0.09141159,historical
1994,indian,0.08297539,historical
1995,indian,0.067588806,historical
1996,indian,0.2612419,historical
1997,indian,0.07695961,historical
1998,indian,0.07510567,historical
1999,indian,0.15761948,historical
2000,indian,0.23221779,historical
2001,indian,0.39613914,historical
2002,indian,0.21318245,historical
2003,indian,0.46783257,historical
2004,indian,0.31671715,historical
2005,indian,0.26621437,historical
2006,indian,0.43172646,historical
2007,indian,0.17999268,historical
2008,indian,0.21037483,historical
2009,indian,0.29575157,historical
2010,indian,0.4959488,historical
2011,indian,0.33131218,historical
2012,indian,0.70067024,historical
2013,indian,0.3007183,historical
2014,indian,0.4682026,historical
2015,indian,0.5281658,ssp585
2016,indian,0.6580887,ssp585
2017,indian,0.58415794,ssp585
2018,indian,0.790926,ssp585
2019,indian,0.8799572,ssp585
2020,indian,0.6959667,ssp585
2021,indian,1.0144291,ssp585
2022,indian,0.57211876,ssp585
2023,indian,0.89403725,ssp585
2024,indian,0.58481026,ssp585
2025,indian,0.8157501,ssp585
2026,indian,0.84031105,ssp585
2027,indian,0.9487972,ssp585
2028,indian,1.0817966,ssp585
2029,indian,1.0699673,ssp585
2030,indian,0.9221878,ssp585
2031,indian,1.3347111,ssp585
2032,indian,0.89535713,ssp585
2033,indian,1.1682987,ssp585
2034,indian,0.9873104,ssp585
2035,indian,1.1159267,ssp585
2036,indian,1.048212,ssp585
2037,indian,1.4310436,ssp585
2038,indian,1.2730389,ssp585
2039,indian,1.1311436,ssp585
2040,indian,1.2925282,ssp585
2041,indian,1.506506,ssp585
2042,indian,1.367424,ssp585
2043,indian,1.5251789,ssp585
2044,indian,1.4562969,ssp585
2045,indian,1.4850979,ssp585
2046,indian,1.6257,ssp585
2047,indian,1.3818073,ssp585
2048,indian,1.5035305,ssp585
2049,indian,1.564003,ssp585
2050,indian,1.7356014,ssp585
2051,indian,1.5394306,ssp585
2052,indian,1.6945572,ssp585
2053,indian,1.9583607,ssp585
2054,indian,1.7722397,ssp585
2055,indian,1.8270645,ssp585
2056,indian,1.9938107,ssp585
2057,indian,1.9606533,ssp585
2058,indian,2.088499,ssp585
2059,indian,2.2766972,ssp585
2060,indian,2.3135662,ssp585
2061,indian,2.320467,ssp585
2062,indian,2.4002132,ssp585
2063,indian,2.332283,ssp585
2064,indian,2.525938,ssp585
2065,indian,2.2826023,ssp585
2066,indian,2.220993,ssp585
2067,indian,2.5029125,ssp585
2068,indian,2.4115295,ssp585
2069,indian,2.797079,ssp585
2070,indian,2.5969372,ssp585
2071,indian,2.7971115,ssp585
2072,indian,2.7627773,ssp585
2073,indian,2.6994324,ssp585
2074,indian,2.999174,ssp585
2075,indian,2.8968105,ssp585
2076,indian,2.981987,ssp585
2077,indian,2.8757076,ssp585
2078,indian,2.9359074,ssp585
2079,indian,3.0649395,ssp585
2080,indian,3.341917,ssp585
2081,indian,3.300171,ssp585
2082,indian,3.4680004,ssp585
2083,indian,3.358099,ssp585
2084,indian,3.4460983,ssp585
2085,indian,3.6600132,ssp585
2086,indian,3.5032291,ssp585
2087,indian,3.4395618,ssp585
2088,indian,3.7335873,ssp585
2089,indian,3.7631855,ssp585
2090,indian,3.8385792,ssp585
2091,indian,3.81073,ssp585
2092,indian,3.9282532,ssp585
2093,indian,3.7459488,ssp585
2094,indian,3.8897476,ssp585
2095,indian,3.9949055,ssp585
2096,indian,4.188715,ssp585
2097,indian,3.9432755,ssp585
2098,indian,4.104929,ssp585
2099,indian,4.249489,ssp585
2100,indian,4.4131374,ssp585
1980,pacific_north,0.0,historical
1981,pacific_north,0.1441536,historical
1982,pacific_north,-0.07637787,historical
1983,pacific_north,-0.07933617,historical
1984,pacific_north,-0.08480072,historical
1985,pacific_north,0.27578735,historical
1986,pacific_north,-0.107471466,historical
1987,pacific_north,-0.14333153,historical
1988,pacific_north,0.022937775,historical
1989,pacific_north,0.1868763,historical
1990,pacific_north,0.43631935,historical
1991,pacific_north,0.013963699,historical
1992,pacific_north,-0.19700623,historical
1993,pacific_north,-0.0370636,historical
1994,pacific_north,-0.17064476,historical
1995,pacific_north,-0.06699753,historical
1996,pacific_north,-0.008703232,historical
1997,pacific_north,0.025270462,historical
1998,pacific_north,-0.0054740906,historical
1999,pacific_north,0.4016533,historical
2000,pacific_north,0.3212471,historical
2001,pacific_north,0.19858551,historical
2002,pacific_north,0.46222115,historical
2003,pacific_north,0.46207047,historical
2004,pacific_north,0.4063053,historical
2005,pacific_north,0.55088997,historical
2006,pacific_north,0.011875153,historical
2007,pacific_north,0.15273476,historical
2008,pacific_north,0.33010483,historical
2009,pacific_north,0.3446598,historical
2010,pacific_north,0.5448799,historical
2011,pacific_north,0.9211693,historical
2012,pacific_north,0.30363083,historical
2013,pacific_north,0.46941757,historical
2014,pacific_north,0.7516632,historical
2015,pacific_north,1.088192,ssp585
2016,pacific_north,0.8063507,ssp585
2017,pacific_north,0.78453445,ssp585
2018,pacific_north,1.2466507,ssp585
2019,pacific_north,0.9157963,ssp585
2020,pacific_north,1.1993637,ssp585
2021,pacific_north,0.61332893,ssp585
2022,pacific_north,0.8214741,ssp585
2023,pacific_north,1.1646824,ssp585
2024,pacific_north,1.2487526,ssp585
2025,pacific_north,1.3848076,ssp585
2026,pacific_north,1.2996616,ssp585
2027,pacific_north,1.6231937,ssp585
2028,pacific_north,1.1061974,ssp585
2029,pacific_north,1.0121689,ssp585
2030,pacific_north,1.4814339,ssp585
2031,pacific_north,1.0388565,ssp585
2032,pacific_north,1.0325737,ssp585
2033,pacific_north,1.2742882,ssp585
2034,pacific_north,1.2584839,ssp585
2035,pacific_north,1.3923588,ssp585
2036,pacific_north,1.4834461,ssp585
2037,pacific_north,1.3083267,ssp585
2038,pacific_north,1.1659489,ssp585
2039,pacific_north,1.3874073,ssp585
2040,pacific_north,1.9709854,ssp585
2041,pacific_north,1.6472969,ssp585
2042,pacific_north,1.8358002,ssp585
2043,pacific_north,1.9917774,ssp585
2044,pacific_north,1.703577,ssp585
2045,pacific_north,2.1982536,ssp585
2046,pacific_north,1.8144398,ssp585
2047,pacific_north,1.9583321,ssp585
2048,pacific_north,1.975399,ssp585
2049,pacific_north,2.354351,ssp585
2050,pacific_north,2.210413,ssp585
2051,pacific_north,2.1438694,ssp585
2052,pacific_north,2.4149342,ssp585
2053,pacific_north,2.3859634,ssp585
2054,pacific_north,2.1242561,ssp585
2055,pacific_north,2.4611397,ssp585
2056,pacific_north,2.5825768,ssp585
2057,pacific_north,2.684475,ssp585
2058,pacific_north,2.7966232,ssp585
2059,pacific_north,2.575531,ssp585
2060,pacific_north,2.7022934,ssp585
2061,pacific_north,2.9948463,ssp585
2062,pacific_north,2.8223228,ssp585
2063,pacific_north,3.1480732,ssp585
2064,pacific_north,2.795124,ssp585
2065,pacific_north,2.8416176,ssp585
2066,pacific_north,3.1824722,ssp585
2067,pacific_north,2.811016,ssp585
2068,pacific_north,3.3037605,ssp585
2069,pacific_north,3.3425522,ssp585
2070,pacific_north,3.6436005,ssp585
2071,pacific_north,3.5417442,ssp585
2072,pacific_north,3.2243977,ssp585
2073,pacific_north,3.585001,ssp585
2074,pacific_north,3.6058598,ssp585
2075,pacific_north,3.6938019,ssp585
2076,pacific_north,3.3347855,ssp585
2077,pacific_north,3.2966728,ssp585
2078,pacific_north,3.5221138,ssp585
2079,pacific_north,3.8387547,ssp585
2080,pacific_north,3.7565022,ssp585
2081,pacific_north,3.9466343,ssp585
2082,pacific_north,3.8195267,ssp585
2083,pacific_north,3.916748,ssp585
2084,pacific_north,4.393709,ssp585
2085,pacific_north,4.140148,ssp585
2086,pacific_north,4.318634,ssp585
2087,pacific_north,4.3701096,ssp585
2088,pacific_north,4.3761387,ssp585
2089,pacific_north,4.4438972,ssp585
2090,pacific_north,4.2402115,ssp585
2091,pacific_north,4.5566044,ssp585
2092,pacific_north,4.4985046,ssp585
2093,pacific_north,4.7623672,ssp585
2094,pacific_north,4.7799263,ssp585
2095,pacific_north,5.047714,ssp585
2096,pacific_north,4.892193,ssp585
2097,pacific_north,4.883854,ssp585
2098,pacific_north,5.058344,ssp585
2099,pacific_north,5.0947456,ssp585
2100,pacific_north,5.155319,ssp585
1980,pacific_south,0.0,historical
1981,pacific_south,0.19043922,historical
1982,pacific_south,0.045928955,historical
1983,pacific_south,0.26517677,historical
1984,pacific_south,0.22318268,historical
1985,pacific_south,0.4118595,historical
1986,pacific_south,0.27747345,historical
1987,pacific_south,-0.05826378,historical
1988,pacific_south,0.00500679,historical
1989,pacific_south,0.30331612,historical
1990,pacific_south,0.5837269,historical
1991,pacific_south,0.40727806,historical
1992,pacific_south,-0.059885025,historical
1993,pacific_south,0.36209106,historical
1994,pacific_south,0.2293911,historical
1995,pacific_south,0.15505028,historical
1996,pacific_south,0.16729164,historical
1997,pacific_south,-0.08195305,historical
1998,pacific_south,0.069509506,historical
1999,pacific_south,0.25720406,historical
2000,pacific_south,0.4452343,historical
2001,pacific_south,0.07964897,historical
2002,pacific_south,0.14894104,historical
2003,pacific_south,0.40036774,historical
2004,pacific_south,0.4001522,historical
2005,pacific_south,0.4858036,historical
2006,pacific_south,0.30745125,historical
2007,pacific_south,0.13325691,historical
2008,pacific_south,0.3640442,historical
2009,pacific_south,0.43054008,historical
2010,pacific_south,0.5789566,historical
2011,pacific_south,0.7980671,historical
2012,pacific_south,0.50548744,historical
2013,pacific_south,0.11929512,historical
2014,pacific_south,0.4814167,historical
2015,pacific_south,0.6944485,ssp585
2016,pacific_south,0.63671875,ssp585
2017,pacific_south,0.5051403,ssp585
2018,pacific_south,0.8957081,ssp585
2019,pacific_south,0.9980469,ssp585
2020,pacific_south,0.9929104,ssp585
2021,pacific_south,0.76934814,ssp585
2022,pacific_south,0.3704548,ssp585
2023,pacific_south,0.8677349,ssp585
2024,pacific_south,0.6216793,ssp585
2025,pacific_south,0.97624207,ssp585
2026,pacific_south,0.83914375,ssp585
2027,pacific_south,1.1723003,ssp585
2028,pacific_south,0.98552895,ssp585
2029,pacific_south,0.74640465,ssp585
2030,pacific_south,1.1607151,ssp585
2031,pacific_south,1.2081833,ssp585
2032,pacific_south,0.9372635,ssp585
2033,pacific_south,1.3540592,ssp585
2034,pacific_south,1.1863785,ssp585
2035,pacific_south,1.0737476,ssp585
2036,pacific_south,1.2762928,ssp585
2037,pacific_south,1.3402157,ssp585
2038,pacific_south,1.0309238,ssp585
2039,pacific_south,1.1542377,ssp585
2040,pacific_south,1.4052639,ssp585
2041,pacific_south,1.1785374,ssp585
2042,pacific_south,1.1396198,ssp585
2043,pacific_south,1.7070084,ssp585
2044,pacific_south,1.5406475,ssp585
2045,pacific_south,1.7044601,ssp585
2046,pacific_south,1.4287949,ssp585
2047,pacific_south,1.5439968,ssp585
2048,pacific_south,1.4515858,ssp585
2049,pacific_south,1.6907177,ssp585
2050,pacific_south,1.7287903,ssp585
2051,pacific_south,1.6812763,ssp585
2052,pacific_south,1.9397602,ssp585
2053,pacific_south,1.9905987,ssp585
2054,pacific_south,1.7751179,ssp585
2055,pacific_south,1.9176788,ssp585
2056,pacific_south,1.9112759,ssp585
2057,pacific_south,2.0730228,ssp585
2058,pacific_south,2.3009567,ssp585
2059,pacific_south,2.1069183,ssp585
2060,pacific_south,2.1616364,ssp585
2061,pacific_south,2.4084244,ssp585
2062,pacific_south,2.3344135,ssp585
2063,pacific_south,2.4722195,ssp585
2064,pacific_south,2.4138584,ssp585
2065,pacific_south,2.0961246,ssp585
2066,pacific_south,2.4561062,ssp585
2067,pacific_south,2.4577103,ssp585
2068,pacific_south,2.4190845,ssp585
2069,pacific_south,2.654932,ssp585
2070,pacific_south,2.7122116,ssp585
2071,pacific_south,2.9093018,ssp585
2072,pacific_south,2.4313507,ssp585
2073,pacific_south,2.8338451,ssp585
2074,pacific_south,2.8445568,ssp585
2075,pacific_south,3.0229893,ssp585
2076,pacific_south,2.9135895,ssp585
2077,pacific_south,2.7627087,ssp585
2078,pacific_south,3.0444336,ssp585
2079,pacific_south,3.184311,ssp585
2080,pacific_south,3.265396,ssp585
2081,pacific_south,3.2637615,ssp585
2082,pacific_south,3.3549728,ssp585
2083,pacific_south,3.2625504,ssp585
2084,pacific_south,3.7012196,ssp585
2085,pacific_south,3.4606266,ssp585
2086,pacific_south,3.4885426,ssp585
2087,pacific_south,3.512207,ssp585
2088,pacific_south,3.4056225,ssp585
2089,pacific_south,3.5615444,ssp585
2090,pacific_south,3.6537762,ssp585
2091,pacific_south,3.6842823,ssp585
2092,pacific_south,3.3063679,ssp585
2093,pacific_south,3.6275196,ssp585
2094,pacific_south,3.9216175,ssp585
2095,pacific_south,4.019758,ssp585
2096,pacific_south,3.9625492,ssp585
2097,pacific_south,3.9128647,ssp585
2098,pacific_south,4.3020554,ssp585
2099,pacific_south,4.2908936,ssp585
2100,pacific_south,4.2836475,ssp585
1980,southern,0.0,historical
1981,southern,0.48343265,historical
1982,southern,0.26232696,historical
1983,southern,0.5070751,historical
1984,southern,0.33445287,historical
1985,southern,0.5311153,historical
1986,southern,0.56389606,historical
1987,southern,0.41394943,historical
1988,southern,6.5624714e-05,historical
1989,southern,0.54687446,historical
1990,southern,0.2105864,historical
1991,southern,0.46738976,historical
1992,southern,0.19811024,historical
1993,southern,0.5355194,historical
1994,southern,0.19855276,historical
1995,southern,0.49768168,historical
1996,southern,0.6642602,historical
1997,southern,0.34428185,historical
1998,southern,0.28110367,historical
1999,southern,0.218376,historical
2000,southern,0.23245,historical
2001,southern,0.416308,historical
2002,southern,0.11220533,historical
2003,southern,0.42212832,historical
2004,southern,0.2448149,historical
2005,southern,0.25710684,historical
2006,southern,0.51059586,historical
2007,southern,0.059343874,historical
2008,southern,0.43757468,historical
2009,southern,0.16411066,historical
2010,southern,0.4230353,historical
2011,southern,0.23217638,historical
2012,southern,0.7011429,historical
2013,southern,0.27853596,historical
2014,southern,0.39290515,historical
2015,southern,0.3410637,ssp585
2016,southern,0.23393533,ssp585
2017,southern,0.4993776,ssp585
2018,southern,0.2293066,ssp585
2019,southern,0.64772594,ssp585
2020,southern,0.23242624,ssp585
2021,southern,0.9892647,ssp585
2022,southern,0.3386064,ssp585
2023,southern,0.2706278,ssp585
2024,southern,0.4765403,ssp585
2025,southern,0.7023865,ssp585
2026,southern,0.7205309,ssp585
2027,southern,0.7378635,ssp585
2028,southern,0.5774571,ssp585
2029,southern,0.69999933,ssp585
2030,southern,0.8971037,ssp585
2031,southern,1.2274405,ssp585
2032,southern,0.54546916,ssp585
2033,southern,0.83007896,ssp585
2034,southern,0.60900176,ssp585
2035,southern,0.54153943,ssp585
2036,southern,0.87475705,ssp585
2037,southern,0.79577094,ssp585
2038,southern,0.82414013,ssp585
2039,southern,0.45123518,ssp585
2040,southern,0.37575358,ssp585
2041,southern,0.6846448,ssp585
2042,southern,0.70923716,ssp585
2043,southern,0.8191186,ssp585
2044,southern,0.68771154,ssp585
2045,southern,0.6657872,ssp585
2046,southern,0.8224012,ssp585
2047,southern,1.1402521,ssp585
2048,southern,0.83874273,ssp585
2049,southern,1.0714297,ssp585
2050,southern,1.2795762,ssp585
2051,southern,0.97142327,ssp585
2052,southern,0.6610545,ssp585
2053,southern,1.1267364,ssp585
2054,southern,0.87101704,ssp585
2055,southern,0.7924484,ssp585
2056,southern,1.025718,ssp585
2057,southern,0.81674945,ssp585
2058,southern,1.1256814,ssp585
2059,southern,1.4365827,ssp585
2060,southern,1.0334643,ssp585
2061,southern,0.89140445,ssp585
2062,southern,0.83511937,ssp585
2063,southern,0.9454434,ssp585
2064,southern,1.1381536,ssp585
2065,southern,1.2599852,ssp585
2066,southern,1.001575,ssp585
2067,southern,1.3397719,ssp585
2068,southern,1.2157948,ssp585
2069,southern,1.6877989,ssp585
2070,southern,1.5450922,ssp585
2071,southern,1.4533415,ssp585
2072,southern,1.647212,ssp585
2073,southern,1.5820717,ssp585
2074,southern,1.329358,ssp585
2075,southern,1.5568143,ssp585
2076,southern,1.7546945,ssp585
2077,southern,1.5845007,ssp585
2078,southern,1.6955029,ssp585
2079,southern,1.6791548,ssp585
2080,southern,1.4878052,ssp585
2081,southern,1.9525801,ssp585
2082,southern,2.3903077,ssp585
2083,southern,1.8581177,ssp585
2084,southern,1.7398912,ssp585
2085,southern,2.3432825,ssp585
2086,southern,1.7642893,ssp585
2087,southern,1.8598478,ssp585
2088,southern,1.945389,ssp585
2089,southern,2.002312,ssp585
2090,southern,1.9769723,ssp585
2091,southern,2.1554892,ssp585
2092,southern,2.251475,ssp585
2093,southern,1.8698007,ssp585
2094,southern,2.5570264,ssp585
2095,southern,2.3886266,ssp585
2096,southern,2.3715844,ssp585
2097,southern,2.1822813,ssp585
2098,southern,2.332273,ssp585
2099,southern,2.291915,ssp585
2100,southern,2.1874444,ssp585
